{
  "project_info": {
    "project_number": "311063482642",
    "project_id": "flutter-fiap-4ee68",
    "storage_bucket": "flutter-fiap-4ee68.appspot.com"
  },
  "client": [
    {
      "client_info": {
        "mobilesdk_app_id": "1:311063482642:android:c500651a39595c8b1be3cb",
        "android_client_info": {
          "package_name": "com.example.weareuniqueprototype"
        }
      },
      "oauth_client": [],
      "api_key": [
        {
          "current_key": "AIzaSyA5GO7t69fxnZCZp2w7dpo60xs_BA_TfLk"
        }
      ],
      "services": {
        "appinvite_service": {
          "other_platform_oauth_client": []
        }
      }
    }
  ],
  "configuration_version": "1"
}